City_ID,City,Latitude,Longitude,Max Temp,Humidity,Cloudiness,Wind Speed,Country,Date
0,saldanha,-33.0117,17.9442,14.03,93,15,1.85,ZA,1691799792
1,odienne,9.51,-7.5692,22.09,97,100,1.32,CI,1691799792
2,kailua-kona,19.6406,-155.9956,29.72,78,40,6.69,US,1691799792
3,hermanus,-34.4187,19.2345,12.67,93,6,1.91,ZA,1691799792
4,isafjordur,66.0755,-23.124,8.88,87,91,2.69,IS,1691799792
5,grytviken,-54.2811,-36.5092,4.93,88,100,5.92,GS,1691799792
6,nar'yan-mar,67.6713,53.087,13.9,67,6,3.39,RU,1691799792
7,udachny,66.4167,112.4,19.4,53,100,3.95,RU,1691799793
8,albany,42.6001,-73.9662,21.42,71,16,2.64,US,1691799793
9,saipan,15.1355,145.701,29.39,100,40,5.14,MP,1691799793
10,port lincoln,-34.7333,135.8667,12.5,87,100,5.85,AU,1691799793
11,bethel,41.3712,-73.414,25.17,73,0,1.54,US,1691799793
12,oranjemund,-28.55,16.4333,13.95,87,72,2.94,NA,1691799794
13,fort bragg,35.139,-79.006,30.46,67,100,2.06,US,1691799794
14,atherton,53.5237,-2.4935,17.16,81,13,0.89,GB,1691799794
15,mount pearl,47.5166,-52.7813,17.3,92,40,4.63,CA,1691799794
16,yellowknife,62.456,-114.3525,16.29,77,75,6.17,CA,1691799794
17,longyearbyen,78.2186,15.6401,8.91,100,100,1.54,SJ,1691799794
18,cururupu,-1.8283,-44.8683,23.52,90,23,1.63,BR,1691799795
19,waitangi,-43.9535,-176.5597,13.23,92,60,1.79,NZ,1691799795
20,east ballina,-28.8667,153.5833,22.67,60,6,2.55,AU,1691799795
21,lebu,-37.6167,-73.65,7.84,79,20,2.58,CL,1691799795
22,wuchuan,21.4571,110.7659,27.51,85,90,1.57,CN,1691799795
23,nicoya,10.1483,-85.452,26.94,80,97,2.75,CR,1691799795
24,mrakovo,52.7161,56.6244,11.51,80,79,1.17,RU,1691799796
25,port mathurin,-19.6833,63.4167,22.75,81,6,10.8,MU,1691799796
26,blackmans bay,-43.0167,147.3167,10.07,84,57,4.39,AU,1691799796
27,margaret river,-33.95,115.0667,10.48,83,100,3.24,AU,1691799796
28,wailua homesteads,22.0669,-159.378,30.44,73,75,6.17,US,1691799796
29,muros,42.7762,-9.0603,22.05,95,89,2.99,ES,1691799796
30,port-aux-francais,-49.35,70.2167,3.78,94,79,15.74,TF,1691799797
31,happy valley-goose bay,53.3168,-60.3315,16.17,77,75,3.6,CA,1691799797
32,atafu village,-8.5421,-172.5159,28.03,64,41,4.25,TK,1691799797
33,bilibino,68.0546,166.4372,18.7,45,50,0.8,RU,1691799797
34,nola,40.922,14.5329,25.51,38,3,2.22,IT,1691799798
35,murun-kuren,49.6342,100.1625,17.25,70,60,0.63,MN,1691799798
36,luanda,-8.8368,13.2343,19.86,88,38,3.35,AO,1691799603
37,griffith,41.5284,-87.4237,28.92,70,0,5.14,US,1691799798
38,luderitz,-26.6481,15.1594,13.48,86,58,2.88,NA,1691799798
39,adamstown,-25.066,-130.1015,18.72,59,18,8.98,PN,1691799263
40,houma,29.5958,-90.7195,33.89,67,0,3.6,US,1691799675
41,calbuco,-41.768,-73.1273,3.56,65,99,0.92,CL,1691799799
42,nueva rosita,27.95,-101.2167,39.27,24,1,9.24,MX,1691799799
43,flying fish cove,-10.4217,105.6791,24.82,88,100,5.66,CX,1691799800
44,kruisfontein,-34.0033,24.7314,18.45,26,0,4.55,ZA,1691799800
45,tyuratam,45.6507,63.3156,20.66,38,2,4.9,KZ,1691799800
46,hawaiian paradise park,19.5933,-154.9731,26.52,86,100,2.06,US,1691799800
47,tiksi,71.6872,128.8694,8.08,80,95,6.57,RU,1691799800
48,le morne-rouge,14.7667,-61.1333,24.76,78,8,5.64,MQ,1691799800
49,moranbah,-22.0016,148.0466,19.95,40,0,1.22,AU,1691799801
50,kerikeri,-35.2268,173.9474,13.18,63,99,1.99,NZ,1691799801
51,veraval,20.9,70.3667,26.36,85,100,6.98,IN,1691799801
52,keflavik,64.0049,-22.5624,11.95,93,0,3.6,IS,1691799801
53,bredasdorp,-34.5322,20.0403,10.79,91,16,1.69,ZA,1691799801
54,nili,33.7218,66.1302,19.04,29,0,3.74,AF,1691799802
55,ribeira grande,38.5167,-28.7,23.76,86,63,1.79,PT,1691799802
56,baruun-urt,46.6806,113.2792,17.97,69,0,1.65,MN,1691799802
57,lihue,21.9789,-159.3672,30.77,65,75,6.17,US,1691799802
58,kapa'a,22.0752,-159.319,31.18,73,75,6.17,US,1691799802
59,djambala,-2.5447,14.7533,22.9,72,98,1.66,CG,1691799802
60,bangassou,4.7413,22.8184,20.5,99,100,0.52,CF,1691799803
61,jamestown,42.097,-79.2353,19.8,82,75,0.0,US,1691799679
62,homer,59.6425,-151.5483,16.94,69,100,2.06,US,1691799803
63,talnakh,69.4865,88.3972,7.34,68,35,7.65,RU,1691799585
64,peterhead,57.5058,-1.7981,16.22,88,55,5.89,GB,1691799803
65,solnechnyy,50.7214,136.6319,23.44,60,53,1.47,RU,1691799803
66,norwich,52.6278,1.2983,19.1,81,98,3.6,GB,1691799804
67,pisco,-13.7,-76.2167,19.03,77,40,6.17,PE,1691799804
68,primero de mayo,-32.2552,-58.4228,11.97,42,100,3.6,AR,1691799804
69,san gabriel,34.0961,-118.1058,30.88,57,0,4.12,US,1691799647
70,invercargill,-46.4,168.35,9.45,88,100,2.24,NZ,1691799804
71,edinburgh of the seven seas,-37.0676,-12.3116,8.33,58,85,10.48,SH,1691799805
72,colonia,50.9333,6.95,21.83,89,75,2.57,DE,1691799805
73,mizdah,31.4451,12.9801,21.53,63,0,4.25,LY,1691799805
74,petropavlovsk-kamchatsky,53.0452,158.6483,19.33,64,20,2.0,RU,1691799706
75,kochenevo,55.0218,82.202,12.66,96,99,1.67,RU,1691799805
76,hami,42.8,93.45,29.76,17,10,1.99,CN,1691799806
77,lodwar,3.1191,35.5973,27.33,46,13,6.25,KE,1691799806
78,shasta lake,40.6804,-122.3708,37.2,27,0,0.45,US,1691799806
79,palu,-0.8917,119.8707,26.35,86,97,0.9,ID,1691799520
80,smithers,54.7804,-127.1743,16.18,82,100,1.03,CA,1691799611
81,morehead city,34.7229,-76.726,28.34,84,0,3.6,US,1691799806
82,saint-louis,16.3333,-15.0,29.8,55,100,5.82,SN,1691799807
83,klyuchi,52.2667,79.1667,12.94,87,94,3.39,RU,1691799807
84,olonkinbyen,70.9221,-8.7187,7.11,98,100,1.97,SJ,1691799807
85,byron bay,-28.65,153.6167,22.62,56,6,1.3,AU,1691799807
86,yanykurgan,43.915,67.2481,21.22,44,0,7.83,KZ,1691799807
87,lata,40.1629,-8.3327,21.15,98,38,1.41,PT,1691799808
88,safotu,-13.4513,-172.4018,27.41,82,73,4.05,WS,1691799808
89,yuzhno-kurilsk,44.0306,145.8556,16.03,90,100,4.41,RU,1691799808
90,gunjur,13.2019,-16.7339,26.04,94,40,0.0,GM,1691799808
91,weno,7.4515,151.8468,25.97,94,100,3.09,FM,1691799809
92,amga,60.8953,131.9608,21.16,70,73,2.29,RU,1691799809
93,ilulissat,69.2167,-51.1,9.01,71,75,3.6,GL,1691799809
94,at taj,24.2049,23.2857,29.91,29,2,4.08,LY,1691799809
95,anadyr,64.75,177.4833,11.28,82,100,3.0,RU,1691799809
96,whitehorse,60.7161,-135.0538,18.39,46,75,5.66,CA,1691799809
97,corner brook,48.9667,-57.9484,16.09,90,76,1.72,CA,1691799536
98,inirida,3.8653,-67.9239,24.95,91,57,1.2,CO,1691799810
99,la sarre,48.8002,-79.1996,16.97,64,81,1.63,CA,1691799810
100,fale old settlement,-9.3852,-171.2468,28.18,67,42,4.9,TK,1691799810
101,broken hill,-31.95,141.4333,16.47,39,47,3.75,AU,1691799810
102,leiston,52.2061,1.5776,18.43,91,99,5.07,GB,1691799810
103,kargopol',61.5071,38.9456,17.27,89,37,1.87,RU,1691799811
104,siemiatycze,52.4272,22.8623,13.96,65,24,0.75,PL,1691799811
105,sao vicente,-23.9631,-46.3919,24.1,75,2,1.78,BR,1691799811
106,khouribga,32.9333,-6.6,32.47,20,85,4.57,MA,1691799811
107,queenstown,-31.8976,26.8753,11.02,48,1,2.35,ZA,1691799811
108,alice springs,-23.7,133.8833,21.75,26,0,2.06,AU,1691799682
109,thompson,55.7435,-97.8558,21.09,43,75,1.54,CA,1691799812
110,saint croix,17.7397,-64.7388,29.25,70,20,3.6,VI,1691799812
111,constantia,44.1833,28.65,20.39,55,5,5.38,RO,1691799675
112,codrington,-38.2667,141.9667,10.54,94,100,3.74,AU,1691799700
113,port alfred,-33.5906,26.891,19.63,42,1,3.72,ZA,1691799812
114,kloulklubed,7.0419,134.2556,29.28,80,97,7.12,PW,1691799809
115,rongelap,11.1635,166.8941,28.67,77,81,7.66,MH,1691799812
116,hobyo,5.3505,48.5268,24.41,82,84,9.87,SO,1691799813
117,mudhol,16.35,75.2833,22.22,84,76,4.78,IN,1691799813
118,aykhal,66.0,111.5,19.18,49,100,3.27,RU,1691799813
119,iqaluit,63.7506,-68.5145,6.85,87,75,2.06,CA,1691799813
120,tofol,5.3248,163.0078,30.88,70,75,1.54,FM,1691799814
121,kyzyl,51.7,94.45,18.32,73,88,1.51,RU,1691799814
122,mandiana,10.6333,-8.6833,22.46,96,96,2.05,GN,1691799814
123,rondonopolis,-16.4708,-54.6356,30.84,26,93,1.64,BR,1691799814
124,borogontsy,62.6683,131.1683,21.57,59,100,3.95,RU,1691799814
125,avarua,-21.2078,-159.775,26.03,83,100,2.57,CK,1691799814
126,kangaba,11.9333,-8.4167,23.18,93,88,1.19,ML,1691799815
127,ikalamavony,-21.15,46.5833,14.25,83,9,1.77,MG,1691799815
128,qaqortoq,60.7167,-46.0333,6.17,87,2,1.53,GL,1691799815
129,sao felix do xingu,-6.6447,-51.995,26.49,42,1,0.35,BR,1691799815
130,hithadhoo,-0.6,73.0833,27.57,73,100,6.37,MV,1691799815
131,strezhevoy,60.7333,77.5889,8.17,68,57,5.51,RU,1691799815
132,ust-nera,64.5667,143.2,23.0,40,1,1.16,RU,1691799816
133,chonchi,-42.6128,-73.8092,3.95,84,99,0.95,CL,1691799816
134,mount isa,-20.7333,139.5,23.87,33,9,5.14,AU,1691799816
135,haiku-pauwela,20.9219,-156.3051,29.01,51,40,10.8,US,1691799816
136,amuntai,-2.4177,115.2494,23.58,79,81,0.07,ID,1691799816
137,basey,11.2817,125.0683,24.96,95,98,0.73,PH,1691799816
138,sinabang,2.4803,96.3801,25.66,83,44,1.0,ID,1691799816
139,puerto natales,-51.7236,-72.4875,-0.56,90,10,2.38,CL,1691799817
140,cooma,-36.2333,149.1333,8.66,58,82,2.1,AU,1691799817
141,goundi,9.3627,17.366,23.41,89,100,1.38,TD,1691799817
142,papatowai,-46.5619,169.4708,8.33,79,100,2.0,NZ,1691799817
143,togur,58.3631,82.8265,10.64,97,100,3.09,RU,1691799817
144,brisas de zicatela,15.8369,-97.0419,30.29,58,75,3.09,MX,1691799817
145,vuktyl,63.8567,57.3094,10.93,84,6,1.38,RU,1691799817
146,kattivakkam,13.2167,80.3167,27.26,84,98,5.7,IN,1691799818
147,eynesil,41.0645,39.1438,24.58,94,100,1.85,TR,1691799818
148,yaren,-0.5472,166.916,28.99,72,24,4.91,NR,1691799818
149,diapaga,12.0708,1.7889,23.56,92,90,2.39,BF,1691799818
150,puerto baquerizo moreno,-0.9,-89.6,23.58,80,75,5.05,EC,1691799818
151,novyy urengoy,66.0833,76.6333,4.01,57,0,10.05,RU,1691799818
152,olyokminsk,60.3736,120.4264,19.78,89,100,1.1,RU,1691799818
153,ivanava,52.1451,25.5365,13.37,85,71,2.33,BY,1691799819
154,utrik,11.2278,169.8474,28.23,80,44,7.25,MH,1691799819
155,hancheng,32.5186,112.3522,26.52,80,100,1.34,CN,1691799819
156,jilotepec de molina enriquez,19.9528,-99.5347,21.18,49,33,5.09,MX,1691799819
157,santa ines,-3.6667,-45.38,25.69,49,1,1.58,BR,1691799580
158,ambon,-3.6954,128.1814,25.68,81,73,5.16,ID,1691799819
159,hastings,50.8552,0.5729,17.4,50,99,4.31,GB,1691799802
160,ketchikan,55.3422,-131.6461,16.26,88,100,6.17,US,1691799820
161,ushuaia,-54.8,-68.3,2.81,70,20,4.12,AR,1691799711
162,cabo san lucas,22.8909,-109.9124,34.23,70,40,3.09,MX,1691799263
163,fort mcmurray,56.7268,-111.381,17.77,72,75,1.54,CA,1691799820
164,egilsstadir,65.2653,-14.3948,7.95,93,100,4.12,IS,1691799820
165,tuy hoa,13.0833,109.3,28.99,67,100,2.92,VN,1691799820
166,tura,25.5198,90.2201,23.83,98,100,2.59,IN,1691799820
167,soio,-6.1349,12.3689,21.06,93,5,3.06,AO,1691799821
168,tazovsky,67.4667,78.7,3.2,58,0,10.52,RU,1691799821
169,cannonvale,-20.2833,148.7,19.66,57,0,3.32,AU,1691799821
170,nyandoma,61.669,40.1991,17.08,89,60,2.16,RU,1691799821
171,kulhudhuffushi,6.6221,73.07,28.01,73,92,5.8,MV,1691799821
172,orange,33.7,-117.7675,30.6,70,40,3.6,US,1691799781
173,natal,-5.795,-35.2094,24.36,94,75,2.06,BR,1691799822
174,lee acres,35.1487,-106.647,34.55,24,75,6.69,US,1691799822
175,college,64.8569,-147.8028,24.0,55,75,2.06,US,1691799822
176,topolobampo,25.6,-109.05,32.95,55,40,7.2,MX,1691799822
177,martuk,50.7475,56.5056,16.41,55,9,3.11,KZ,1691799823
178,miramichi,47.0043,-65.4654,15.82,97,100,4.42,CA,1691799533
179,moradabad,28.8333,78.7833,26.93,81,89,2.66,IN,1691799824
180,bereznik,62.8551,42.7072,18.09,87,4,2.22,RU,1691799694
181,labrador city,52.9463,-66.9114,14.95,72,75,1.54,CA,1691799610
182,lahan,26.7296,86.4951,26.2,93,100,1.69,NP,1691799824
183,mar del plata,-38.0023,-57.5575,8.38,72,0,8.23,AR,1691799824
184,zilair,52.2332,57.4392,10.6,77,60,1.05,RU,1691799554
185,kisesa,-3.0833,34.15,21.22,50,69,2.84,TZ,1691799825
186,aasiaat,68.7098,-52.8699,5.04,88,90,2.66,GL,1691799825
187,epernon,48.6103,1.6722,19.58,97,96,2.68,FR,1691799825
188,mili,6.0815,171.735,28.3,76,51,4.65,MH,1691799772
189,dudinka,69.4058,86.1778,7.57,48,18,13.23,RU,1691799825
190,magole,-6.3667,37.3667,18.54,88,2,1.03,TZ,1691799825
191,shingu,33.7333,135.9833,30.53,59,0,0.65,JP,1691799825
192,nishinoomote,30.7333,131.0,28.31,94,40,1.54,JP,1691799826
193,hirara,24.8,125.2833,29.92,84,40,1.54,JP,1691799826
194,vilyuchinsk,52.9306,158.4028,20.15,65,50,1.13,RU,1691799827
195,trenton,40.217,-74.7429,27.69,68,0,1.54,US,1691799827
196,tondano,1.3038,124.9112,23.05,73,96,2.35,ID,1691799567
197,aswan,24.0934,32.907,29.13,26,0,3.89,EG,1691799827
198,yssingeaux,45.1333,4.1167,19.7,70,23,1.53,FR,1691799828
199,barra de santo antonio,-9.4047,-35.5072,23.6,83,14,5.22,BR,1691799738
200,west island,-12.1568,96.8225,24.99,83,40,7.2,CC,1691799623
201,kampong chhnang,12.1667,104.55,26.99,78,37,1.05,KH,1691799828
202,punta arenas,-53.15,-70.9167,2.96,75,40,5.46,CL,1691799751
203,shimoda,34.6667,138.95,30.06,74,4,3.42,JP,1691799828
204,tandil,-37.3217,-59.1332,5.38,61,2,7.13,AR,1691799607
205,south gate,33.9547,-118.212,31.48,69,0,7.2,US,1691799829
206,salinopolis,-0.6136,-47.3561,26.84,77,45,5.47,BR,1691799727
207,al jawf,29.5,38.75,32.15,15,52,2.78,SA,1691799829
208,ulladulla,-35.35,150.4667,15.24,47,87,1.99,AU,1691799658
209,portland,45.5234,-122.6762,31.23,40,20,3.6,US,1691799397
210,greymouth,-42.4667,171.2,6.79,86,100,1.85,NZ,1691799829
211,puerto ayora,-0.7393,-90.3518,24.75,93,76,2.24,EC,1691799829
212,bubaque,11.2833,-15.8333,26.21,86,92,8.14,GW,1691799829
213,kenai,60.5544,-151.2583,21.05,49,75,7.72,US,1691799830
214,azadshahr,34.7909,48.5707,16.27,29,0,1.03,IR,1691799830
215,kodiak,57.79,-152.4072,12.73,88,100,4.63,US,1691799830
216,nova vicosa,-17.8919,-39.3719,22.48,82,22,3.86,BR,1691799830
217,belyy yar,53.6039,91.3903,16.94,88,40,3.0,RU,1691799830
218,bairnsdale,-37.8333,147.6167,12.81,78,99,3.1,AU,1691799830
219,stanley,54.868,-1.6985,14.74,79,0,2.57,GB,1691799831
220,courtenay,49.6866,-124.9936,22.75,58,100,1.54,CA,1691799831
221,selfoss,63.9331,-20.9971,11.69,87,97,1.32,IS,1691799831
222,san antonio de pale,-1.4014,5.6325,23.95,88,66,5.27,GQ,1691799831
223,lae,-6.7221,146.9847,25.76,76,84,1.19,PG,1691799831
224,badger,64.8,-147.5333,23.96,51,75,2.06,US,1691799831
225,bikenibeu village,1.3673,173.1241,29.98,74,40,3.6,KI,1691799831
226,guilin,25.2819,110.2864,28.06,92,9,0.63,CN,1691799832
227,kapuskasing,49.4169,-82.4331,18.05,82,100,2.06,CA,1691799540
228,lively,46.4334,-81.1498,18.9,72,81,2.18,CA,1691799832
229,teguise,29.0605,-13.564,25.12,65,0,9.77,ES,1691799832
230,elele,5.1009,6.8141,22.67,97,98,1.13,NG,1691799832
231,eket,4.6412,7.9209,23.72,94,97,2.25,NG,1691799832
232,port pirie,-33.1833,138.0167,16.75,41,91,1.25,AU,1691799832
233,salekhard,66.53,66.6019,6.24,80,62,2.25,RU,1691799833
234,trevelin,-43.0858,-71.4639,0.67,85,34,2.28,AR,1691799833
235,conduaga,8.862,117.4893,27.66,81,54,2.56,PH,1691799833
236,aketi,2.7388,23.7833,21.27,99,100,0.6,CD,1691799833
237,roswell,34.0232,-84.3616,29.21,73,20,2.57,US,1691799790
238,bintulu,3.1667,113.0333,25.23,88,20,2.06,MY,1691799833
239,coahuayana de hidalgo,18.7,-103.6583,30.77,68,55,2.45,MX,1691799833
240,georgetown,5.4112,100.3354,26.96,92,20,1.03,MY,1691799834
241,minas de marcona,-15.2119,-75.1103,12.53,88,47,6.74,PE,1691799834
242,morondava,-20.2833,44.2833,18.66,82,0,2.07,MG,1691799834
243,broome,42.2506,-75.833,20.36,80,16,0.45,US,1691799834
244,timmins,48.4669,-81.3331,16.9,72,100,0.0,CA,1691799793
245,sawakin,19.1059,37.3321,32.88,47,20,1.47,SD,1691799834
246,vorgashor,67.5833,63.95,5.56,75,3,1.94,RU,1691799835
247,dunedin,-45.8742,170.5036,9.48,51,100,0.89,NZ,1691799835
248,afaahiti,-17.75,-149.2833,25.93,65,71,6.47,PF,1691799835
249,east london,-33.0153,27.9116,20.04,38,0,2.8,ZA,1691799835
250,oriximina,-1.7656,-55.8661,27.69,57,3,0.92,BR,1691799835
251,grand falls-windsor,48.9332,-55.6649,19.17,92,78,1.24,CA,1691799835
252,kilju,40.9642,129.3278,24.03,88,37,1.66,KP,1691799835
253,fort st. john,56.2499,-120.8529,20.94,46,75,7.2,CA,1691799835
254,port elizabeth,-33.918,25.5701,12.16,71,0,1.54,ZA,1691799740
255,ostrov,57.3439,28.3537,10.85,94,36,2.25,RU,1691799836
256,vargarda,58.0371,12.8091,15.6,90,65,3.56,SE,1691799836
257,mejit,10.2753,170.8646,28.36,73,81,8.0,MH,1691799836
258,sunzha,43.3211,45.0522,24.19,56,49,2.95,RU,1691799836
259,tarawa,1.419,172.984,30.05,74,40,3.6,KI,1691799836
260,gorodets,56.6514,43.475,19.08,72,53,3.33,RU,1691799836
261,iquique,-20.2208,-70.1431,18.02,77,35,0.83,CL,1691799836
262,bang khla,13.7214,101.2081,30.77,81,49,2.18,TH,1691799836
263,maracana,-0.7667,-47.45,25.01,82,56,1.88,BR,1691799837
264,ventspils,57.3894,21.5606,8.96,100,2,0.0,LV,1691799837
265,viborg,56.4532,9.402,17.59,93,99,2.94,DK,1691799837
266,nuku'alofa,-21.1333,-175.2,24.19,69,40,4.63,TO,1691799837
267,tevriz,57.509,72.4042,6.1,79,47,3.54,RU,1691799699
268,grande prairie,55.1667,-118.8027,21.1,40,75,9.77,CA,1691799744
269,turbat,26.0023,63.044,26.61,80,9,1.41,PK,1691799612
270,susuman,62.7833,148.1667,20.1,40,30,1.35,RU,1691799838
271,bel ombre,-4.6167,55.4167,25.91,89,75,6.17,SC,1691799838
272,villamontes,-21.25,-63.5,23.55,52,69,3.33,BO,1691799838
273,yulinshi,38.2906,109.7494,21.83,68,0,2.19,CN,1691799838
274,rawai,7.7797,98.3253,29.43,74,26,6.35,TH,1691799838
275,amos,48.5669,-78.1162,15.21,78,81,0.99,CA,1691799838
276,chul'man,56.8479,124.9104,19.13,69,100,3.37,RU,1691799838
277,soledad,10.9184,-74.7646,30.07,79,40,4.12,CO,1691799838
278,entebbe,0.0644,32.4469,20.22,81,10,2.13,UG,1691799839
279,kaa-khem,51.6833,94.7333,18.62,69,87,0.42,RU,1691799839
280,tocoa,15.6833,-86.0,29.79,82,35,2.0,HN,1691799839
281,mopti,14.6667,-4.0,28.33,64,91,3.67,ML,1691799839
282,tilaran,10.4703,-84.9671,26.15,89,84,3.85,CR,1691799839
283,nizhneudinsk,54.9076,99.0276,17.39,77,42,0.51,RU,1691799839
284,sarangani,5.4033,125.4636,27.73,77,92,4.83,PH,1691799839
285,dakhla,23.6848,-15.958,22.08,83,84,7.06,EH,1691799840
286,lorengau,-2.0226,147.2712,28.42,72,77,7.07,PG,1691799840
287,abu road,24.4833,72.7833,23.81,91,70,2.6,IN,1691799546
288,sorsk,54.0033,90.2467,13.42,98,95,1.72,RU,1691799840
289,taltal,-25.4,-70.4833,16.42,79,37,3.03,CL,1691799840
290,new norfolk,-42.7826,147.0587,10.72,72,63,3.58,AU,1691799840
291,canutama,-6.5339,-64.3831,26.56,66,77,0.77,BR,1691799840
292,blythe,33.6103,-114.5964,40.25,21,0,4.12,US,1691799840
293,laguna,38.421,-121.4238,34.14,36,0,2.57,US,1691799841
294,chuzhou,32.3219,118.2978,28.88,72,17,1.8,CN,1691799841
295,lyangasovo,58.5176,49.4472,16.68,85,0,1.12,RU,1691799841
296,lerwick,60.1545,-1.1494,12.0,93,14,3.06,GB,1691799841
297,sakaraha,-22.9,44.5333,10.94,73,0,0.65,MG,1691799841
298,argentan,48.75,-0.0167,18.26,98,99,4.05,FR,1691799842
299,kota tinggi,1.7381,103.8999,28.02,71,6,0.96,MY,1691799842
300,agat village,13.3886,144.6585,29.06,89,0,3.6,GU,1691799842
301,xinghua,32.9392,119.8342,28.38,78,53,3.05,CN,1691799843
302,aripuana,-9.1667,-60.6333,25.85,63,83,1.1,BR,1691799843
303,phongsali,21.6833,102.1058,17.23,99,99,0.49,LA,1691799843
304,lompoc,34.6391,-120.4579,28.72,79,40,4.12,US,1691799843
305,port saint john's,-31.6229,29.5448,18.26,57,0,3.43,ZA,1691799843
306,kalmunai,7.4167,81.8167,25.69,82,68,1.45,LK,1691799843
307,tolanaro,-25.0319,46.9987,13.04,94,20,0.0,MG,1691799844
308,lashkar gah,31.5938,64.3716,28.91,14,0,1.44,AF,1691799844
309,north shore,-36.8,174.75,13.55,72,100,2.68,NZ,1691799844
310,ovalle,-30.5983,-71.2003,17.53,45,38,0.66,CL,1691799844
311,baiyin,36.5583,104.2081,19.08,63,0,1.61,CN,1691799844
312,tinghir,31.5157,-5.5343,28.1,26,56,2.99,MA,1691799845
313,lewiston orchards,46.3804,-116.9754,33.06,23,0,6.69,US,1691799846
314,rampura,30.25,75.2333,28.96,68,23,2.03,IN,1691799846
315,fang,19.9169,99.2145,22.17,94,100,0.79,TH,1691799846
316,lazaro cardenas,17.9583,-102.2,30.4,70,56,5.07,MX,1691799847
317,vadso,70.0744,29.7487,17.49,82,40,2.06,NO,1691799847
318,palmer,42.1584,-72.3287,22.75,67,20,2.06,US,1691799848
319,priozersk,61.0393,30.1291,17.75,92,100,1.41,RU,1691799848
320,sultanpur,26.2667,82.0667,27.94,69,100,3.1,IN,1691799848
321,bestensee,52.25,13.65,20.27,78,0,2.06,DE,1691799849
322,neryungri,56.6709,124.6491,19.05,70,100,3.76,RU,1691799849
323,lesnoy,57.6198,63.0784,8.11,79,38,2.73,RU,1691799849
324,curuzu cuatia,-29.7917,-58.0546,12.88,54,63,4.35,AR,1691799673
325,saint-pierre,-21.3393,55.4781,22.54,68,100,2.06,RE,1691799849
326,el colomo,19.05,-104.25,32.99,65,62,3.67,MX,1691799849
327,patong,7.8961,98.2966,29.45,74,26,5.26,TH,1691799850
328,sarykemer,43.0,71.5,18.71,51,0,2.15,KZ,1691799850
329,wuwei,37.9281,102.6414,23.93,40,1,1.58,CN,1691799850
330,ouani,-12.1322,44.4258,23.71,77,10,1.79,KM,1691799850
331,kingston,17.997,-76.7936,30.53,74,20,7.72,JM,1691799836
332,bac lieu,9.285,105.7244,27.75,78,3,5.16,VN,1691799850
333,northam,51.0333,-4.2167,16.48,93,62,6.67,GB,1691799851
334,waite park,45.5572,-94.2242,25.57,54,20,5.66,US,1691799851
335,voi,-3.3945,38.563,19.03,78,10,3.26,KE,1691799851
336,iskateley,67.6803,53.1512,13.82,67,6,3.39,RU,1691799698
337,polyarnyy,69.1989,33.4478,16.03,65,97,3.61,RU,1691799851
338,porto novo,6.4965,2.6036,24.9,91,56,2.33,BJ,1691799852
339,genhe,50.7833,121.5167,18.45,86,99,1.66,CN,1691799853
340,ladario,-19.0047,-57.6017,28.23,32,67,1.05,BR,1691799853
341,edd,13.9297,41.6925,32.42,56,94,3.0,ER,1691799853
342,hammerfest,70.6634,23.6821,17.25,55,33,5.66,NO,1691799650
343,abaete,-19.16,-45.4458,22.42,40,39,0.49,BR,1691799853
344,shalqar,47.8333,59.6,18.81,42,7,3.79,KZ,1691799597
345,bahia blanca,-38.7196,-62.2724,7.12,49,49,2.24,AR,1691799711
346,zolotonosha,49.6689,32.0377,16.34,88,85,4.97,UA,1691799854
347,sao sepe,-30.1606,-53.5653,14.66,88,41,2.55,BR,1691799831
348,jinxiang,27.4327,120.6062,28.21,79,28,1.81,CN,1691799854
349,dzhambeyty,50.2536,52.595,22.15,44,5,3.34,KZ,1691799560
350,hamilton,39.1834,-84.5333,29.13,63,20,4.12,US,1691799263
351,dwarka,22.2394,68.9678,27.02,82,100,9.37,IN,1691799855
352,enewetak,11.3474,162.3373,28.49,75,94,6.73,MH,1691799855
353,guerrero negro,27.9769,-114.0611,23.25,74,23,9.06,MX,1691799559
354,vernon,50.2581,-119.2691,31.63,32,78,2.17,CA,1691799855
355,qobustan,40.0824,49.412,27.21,50,0,0.63,AZ,1691799855
356,purpe,64.4803,76.6897,5.35,55,0,10.38,RU,1691799856
357,puerto deseado,-47.7503,-65.8938,3.44,64,50,12.65,AR,1691799856
358,san jacinto,33.7839,-116.9586,32.74,51,3,4.47,US,1691799856
359,moree,-29.4667,149.85,19.07,32,16,3.5,AU,1691799856
360,konarka,19.9,86.1167,27.22,78,98,4.46,IN,1691799856
361,tal'menka,53.8183,83.5677,12.99,98,100,1.6,RU,1691799856
362,taro,-8.3862,115.28,21.03,77,51,0.72,ID,1691799857
363,sao miguel do araguaia,-13.275,-50.1628,27.58,29,94,0.55,BR,1691799857
364,amahai,-3.3333,128.9167,25.54,81,70,1.26,ID,1691799857
365,yeed,4.55,43.0333,23.18,61,49,7.87,SO,1691799857
366,walvis bay,-22.9575,14.5053,14.49,88,49,2.06,NA,1691799857
367,manismata,-2.4667,111.0333,22.44,85,100,1.65,ID,1691799857
368,holualoa,19.6228,-155.9522,27.65,78,40,6.69,US,1691799858
369,arteche,12.2645,125.4048,25.91,87,100,2.9,PH,1691799858
370,beacon square,28.2086,-82.7554,32.35,75,4,0.45,US,1691799858
371,mugia,43.1041,-9.2179,19.95,89,75,2.53,ES,1691799858
372,mount gambier,-37.8333,140.7667,11.13,94,100,1.22,AU,1691799663
373,viedma,-40.8135,-62.9967,7.36,45,100,11.81,AR,1691799859
374,wenchang,30.904,118.4887,29.52,69,51,1.62,CN,1691799859
375,guapiacu,-20.795,-49.2203,26.16,41,0,7.2,BR,1691799859
376,saudarkrokur,65.7461,-19.6394,8.75,96,100,2.35,IS,1691799859
377,fortuna,40.5982,-124.1573,22.74,71,20,7.72,US,1691799859
378,vilyuysk,63.7553,121.6247,19.17,82,100,4.11,RU,1691799859
379,aljezur,37.3191,-8.8033,20.93,82,3,4.17,PT,1691799860
380,itoman,26.1247,127.6694,29.43,76,20,2.06,JP,1691799860
381,al ghayzah,16.2079,52.176,26.05,90,100,3.5,YE,1691799860
382,acapulco de juarez,16.8634,-99.8901,29.9,70,75,2.06,MX,1691799790
383,barcelos,41.5388,-8.6151,22.18,98,50,1.91,PT,1691799860
384,la'ie,21.6477,-157.9253,31.98,60,21,5.88,US,1691799708
385,tamandare,-8.7597,-35.1047,23.88,80,8,4.48,BR,1691799860
386,diebougou,10.9667,-3.25,22.63,94,34,2.1,BF,1691799861
387,valdahon,47.15,6.35,20.03,77,53,1.52,FR,1691799861
388,yayladagi,35.9025,36.0627,21.63,93,3,1.07,TR,1691799861
389,pedernales,18.0384,-71.744,29.7,68,83,4.83,DO,1691799861
390,crucecita,-28.95,-58.9833,16.08,43,69,4.35,AR,1691799861
391,mzimba,-11.9,33.6,12.01,83,1,3.66,MW,1691799861
392,sechura,-5.5569,-80.8222,22.92,70,1,7.55,PE,1691799861
393,san rafael,-34.6177,-68.3301,8.18,39,15,2.9,AR,1691799804
394,belmonte,-15.8631,-38.8828,22.6,82,24,3.44,BR,1691799862
395,nepalgunj,28.05,81.6167,26.64,87,100,2.15,NP,1691799654
396,maxixe,-23.8597,35.3472,16.92,77,11,1.5,MZ,1691799862
397,sosnovo-ozerskoye,52.5249,111.5418,14.01,82,32,2.48,RU,1691799862
398,st. john's,47.5649,-52.7093,17.76,92,40,4.63,CA,1691799833
399,nasarawa,8.5294,7.7242,23.04,94,93,1.18,NG,1691799862
400,ceeldheer,3.8488,47.1806,23.99,82,83,7.11,SO,1691799862
401,moth,25.7167,78.95,26.88,70,85,5.19,IN,1691799863
402,bandar-e genaveh,29.5791,50.517,33.68,60,0,1.29,IR,1691799863
403,maceio,-9.6658,-35.7353,23.69,88,75,4.12,BR,1691799863
404,taroudant,30.4703,-8.877,37.21,15,58,3.79,MA,1691799863
405,pionerskiy,54.9508,20.2275,12.64,75,1,2.57,RU,1691799863
406,zhumysker,49.3333,49.4,25.1,38,24,3.84,KZ,1691799864
407,jiuquan,39.7432,98.5174,25.29,29,0,0.97,CN,1691799865
408,kasongo,-4.45,26.6667,27.15,38,87,0.8,CD,1691799866
409,coyhaique,-45.5752,-72.0662,-1.63,97,18,2.02,CL,1691799835
410,zyrya,40.3661,50.2917,26.05,53,0,2.78,AZ,1691799866
411,la sierpe,2.8518,-77.6155,25.22,92,87,1.85,CO,1691799867
412,tres de maio,-27.7733,-54.24,18.99,92,33,4.61,BR,1691799867
413,howrah,22.5892,88.3103,27.0,94,75,0.0,IN,1691799868
414,san andres,12.5847,-81.7006,29.01,84,20,3.6,CO,1691799868
415,akrehamn,59.2667,5.1833,15.79,94,75,5.66,NO,1691799869
416,penzance,50.1186,-5.5371,16.38,88,41,9.65,GB,1691799610
417,coquimbo,-29.9533,-71.3436,14.85,82,0,2.06,CL,1691799870
418,daru,-9.0763,143.2092,24.94,68,100,6.37,PG,1691799871
419,insar,53.8653,44.3738,19.4,52,100,3.84,RU,1691799871
420,sandnessjoen,66.0217,12.6316,12.29,85,100,1.45,NO,1691799872
421,kavaratti,10.5669,72.642,28.0,70,100,7.5,IN,1691799872
422,touros,-5.1989,-35.4608,23.56,79,5,5.2,BR,1691799872
423,north bend,43.4065,-124.2243,27.91,60,0,10.29,US,1691799872
424,okahandja,-21.9833,16.9167,12.99,53,1,0.76,NA,1691799872
425,westport,41.1415,-73.3579,27.08,66,0,3.6,US,1691799838
426,torit,4.4133,32.5678,20.37,90,14,1.62,SS,1691799873
427,taoudenni,22.6783,-3.9836,36.0,26,13,4.05,ML,1691799873
428,neelankarai,12.9455,80.2575,27.24,83,75,1.03,IN,1691799873
429,kaoma,-14.7833,24.8,10.8,65,0,2.48,ZM,1691799873
430,cidreira,-30.1811,-50.2056,16.97,93,73,2.7,BR,1691799873
431,borgarnes,64.5383,-21.9206,12.03,92,100,4.33,IS,1691799874
432,swakopmund,-22.6833,14.5333,14.43,81,66,1.34,NA,1691799874
433,gidam,18.9833,81.4,22.67,95,98,0.69,IN,1691799874
434,tarfaya,27.9358,-12.9218,22.54,85,1,7.39,MA,1691799874
435,south venice,27.0531,-82.4243,33.02,70,0,4.12,US,1691799874
436,christchurch,-43.5333,172.6333,10.79,79,100,3.09,NZ,1691799665
437,namibe,-15.1961,12.1522,16.29,81,16,4.29,AO,1691799875
438,nolinsk,57.5596,49.9363,17.02,74,0,0.61,RU,1691799875
439,adre,13.4667,22.2,23.44,68,83,2.54,TD,1691799875
440,geidam,12.897,11.9304,28.27,63,91,2.41,NG,1691799875
441,sogndal,61.2283,7.1003,13.21,100,100,1.03,NO,1691799875
442,santa maria,-29.6842,-53.8069,17.61,88,75,2.06,BR,1691799876
443,mangrol,21.1167,70.1167,26.44,83,100,7.56,IN,1691799876
444,alegria,9.4669,125.5772,27.68,75,96,2.29,PH,1691799876
445,mournies,35.4764,24.0092,24.35,73,20,1.54,GR,1691799876
446,chanika,-5.4167,38.0167,15.74,99,25,1.36,TZ,1691799876
447,nova sintra,14.8667,-24.7167,23.55,71,77,1.42,CV,1691799876
448,badarganj,25.674,89.0549,27.22,89,100,2.29,BD,1691799877
449,calatagan,13.8833,120.65,28.08,80,72,4.1,PH,1691799877
450,kavieng,-2.5744,150.7967,28.08,74,82,5.54,PG,1691799877
451,bang saphan,11.2126,99.5117,26.41,84,71,2.25,TH,1691799877
452,santo antonio,-6.3106,-35.4789,20.99,94,31,3.02,BR,1691799877
453,mogadishu,2.0371,45.3438,24.44,84,76,6.24,SO,1691799877
454,tazacorte,28.629,-17.9293,26.54,54,0,5.66,ES,1691799878
455,vila franca do campo,37.7167,-25.4333,22.23,90,53,2.32,PT,1691799878
456,hays,30.0502,-98.0336,39.34,33,2,4.47,US,1691799878
457,chibougamau,49.9168,-74.3659,13.79,88,100,3.09,CA,1691799878
458,el golaa,33.4849,9.0068,27.24,39,0,4.17,TN,1691799879
459,nyurba,63.2842,118.3319,17.31,88,97,2.62,RU,1691799879
460,wewak,-3.5534,143.6268,28.17,74,79,2.55,PG,1691799879
461,fray luis beltran,-39.3167,-65.7667,8.83,28,21,5.74,AR,1691799879
462,north battleford,52.7834,-108.2847,20.05,52,75,5.66,CA,1691799879
463,horta,38.5333,-28.6333,23.34,86,64,1.79,PT,1691799880
464,geraldton,-28.7667,114.6,10.23,100,75,3.09,AU,1691799880
465,zaragoza,41.6561,-0.8773,27.67,44,0,3.09,ES,1691799793
466,demre,36.2537,29.9777,23.53,86,0,0.31,TR,1691799880
467,melekeok village,7.4957,134.6367,29.31,79,100,3.09,PW,1691799880
468,sanctuary point,-35.1114,150.629,17.4,44,83,3.53,AU,1691799881
469,muynoq,43.7683,59.0214,23.2,69,0,3.9,UZ,1691799881
470,kiunga,-6.1219,141.2906,23.86,81,100,2.08,PG,1691799881
471,praia da vitoria,38.7333,-27.0667,23.14,83,20,3.28,PT,1691799881
472,la ronge,55.1001,-105.2842,17.14,72,75,4.12,CA,1691799881
473,ebon,4.582,168.6964,28.26,77,100,5.08,MH,1691799881
474,khandyga,62.6667,135.6,24.02,42,1,1.1,RU,1691799881
475,piton saint-leu,-21.2196,55.3151,20.78,68,100,2.06,RE,1691799882
476,vorkuta,67.5,64.0,5.61,75,3,2.02,RU,1691799745
477,calvi,42.5,8.8333,18.35,78,0,1.54,FR,1691799882
478,kone,-21.0595,164.8658,23.24,38,4,2.43,NC,1691799882
479,kirakira,-10.4544,161.9205,25.51,82,78,7.0,SB,1691799883
480,qui nhon,13.7667,109.2333,29.29,68,100,2.16,VN,1691799884
481,santa ana,33.7456,-117.8678,31.47,68,40,5.66,US,1691799631
482,orangeburg,33.4918,-80.8557,26.16,85,0,0.45,US,1691799886
483,prineville,44.2999,-120.8345,32.39,16,0,4.63,US,1691799886
484,haimen,23.1935,116.6142,23.94,84,84,3.78,CN,1691799886
485,port-vila,-17.7338,168.3219,23.78,46,20,5.66,VU,1691799630
486,villa gesell,-37.2639,-56.973,7.25,57,21,10.39,AR,1691799887
487,mutuali,-14.8706,37.0044,15.24,85,72,1.62,MZ,1691799887
488,asau,46.4333,26.4,16.51,86,40,1.67,RO,1691799887
489,ubari,26.5921,12.7805,27.44,27,0,4.6,LY,1691799888
490,al qusayr,34.5091,36.5798,23.54,66,0,0.74,SY,1691799888
491,xuddur,4.1213,43.8894,21.07,72,99,7.29,SO,1691799888
492,tarnogskiy gorodok,60.4997,43.5761,17.64,88,10,2.32,RU,1691799888
493,sambava,-14.2667,50.1667,20.11,90,17,3.71,MG,1691799888
494,dhidhdhoo,6.8833,73.1,28.05,73,100,5.51,MV,1691799889
495,tsiombe,-25.3,45.4833,14.59,89,5,0.95,MG,1691799748
496,mil'kovo,55.6078,37.7956,21.73,84,100,2.87,RU,1691799889
497,kassala,15.451,36.4,27.23,74,74,4.34,SD,1691799889
498,sao gabriel da cachoeira,-0.1303,-67.0892,26.76,75,85,0.8,BR,1691799889
499,bongaree,-27.0797,153.1586,23.45,41,0,0.8,AU,1691799890
500,guiuan,11.0333,125.7247,27.39,79,100,3.42,PH,1691799890
501,tannum sands,-23.9504,151.3693,23.19,49,0,1.54,AU,1691799890
502,sittwe,20.15,92.9,26.24,89,98,1.17,MM,1691799890
503,malango,-2.9627,119.9001,20.32,92,96,0.29,ID,1691799890
504,poso,-1.3959,120.7524,26.96,71,98,1.42,ID,1691799892
505,verkhnevilyuysk,63.4453,120.3167,16.81,95,100,2.94,RU,1691799892
506,otjiwarongo,-20.4637,16.6477,12.75,36,1,1.84,NA,1691799892
507,terrace,54.5163,-128.6035,16.95,88,100,3.09,CA,1691799892
508,newman,37.3138,-121.0208,33.36,22,8,3.57,US,1691799892
509,fisterra,42.9049,-9.2629,19.86,91,67,3.79,ES,1691799892
510,qalat,32.1058,66.9083,24.7,18,40,3.24,AF,1691799893
511,ormara,25.2088,64.6357,26.85,85,100,6.92,PK,1691799893
512,kodinsk,58.6881,99.1844,18.09,67,100,1.76,RU,1691799893
513,mhamid,29.82,-5.72,33.82,13,0,3.38,MA,1691799893
514,divnomorskoye,44.5011,38.1353,23.65,83,66,2.42,RU,1691799893
515,kemin,42.7846,75.6892,16.21,65,3,0.61,KG,1691799893
516,atbasar,51.8,68.3333,14.36,59,78,3.87,KZ,1691799894
517,haapavesi,64.1333,25.3667,13.62,89,98,1.87,FI,1691799894
518,sala,34.0389,-6.8166,30.91,68,1,3.6,MA,1691799894
519,port douglas,-16.4833,145.4667,22.84,63,51,6.79,AU,1691799867
520,deniliquin,-35.5333,144.9667,8.33,91,100,2.05,AU,1691799894
521,chernyshevskiy,63.0128,112.4714,16.22,88,100,1.9,RU,1691799894
522,malmberget,67.1753,20.6549,10.31,93,75,2.06,SE,1691799895
523,naracoorte,-36.9579,140.7383,10.36,94,100,1.86,AU,1691799895
524,bella vista,36.4295,-94.2316,33.79,66,0,3.6,US,1691799895
525,richards bay,-28.783,32.0377,16.02,70,0,4.48,ZA,1691799895
526,tubarjal,30.4999,38.216,31.1,23,2,3.7,SA,1691799895
527,saint-joseph,-21.3667,55.6167,21.93,78,9,3.99,RE,1691799896
528,beloyarskiy,63.7119,66.6722,5.27,87,61,2.28,RU,1691799896
529,turtas,58.9417,69.1325,6.21,70,4,3.85,RU,1691799896
530,missoula,47.0166,-113.8009,26.22,26,1,5.08,US,1691799896
531,diego de almagro,-26.3667,-70.05,17.22,42,38,0.7,CL,1691799896
532,kibre mengist,5.8833,38.9833,15.52,77,80,0.72,ET,1691799897
533,gazojak,41.1875,61.4036,24.6,32,0,4.89,TM,1691799897
534,engel's,51.5,46.1167,19.58,54,34,2.86,RU,1691799897
535,wuhai,39.6647,106.8122,25.38,49,9,0.38,CN,1691799897
536,malmyzh,56.5205,50.6818,15.97,69,1,0.17,RU,1691799897
537,al artawiyah,26.5053,45.3444,32.74,24,35,3.94,SA,1691799898
538,la passe,45.5549,-0.8967,21.13,89,21,1.22,FR,1691799898
539,nabire,-3.3667,135.4833,26.73,79,90,1.67,ID,1691799898
540,klaksvik,62.2266,-6.589,11.51,99,100,2.28,FO,1691799898
541,rosetta,31.4044,30.4164,25.27,74,0,5.64,EG,1691799898
542,houghton,47.1219,-88.569,18.71,95,100,5.14,US,1691799899
543,saint-francois,46.4154,3.9054,21.69,78,0,1.03,FR,1691799899
544,villa regina,-39.1,-67.0667,8.32,20,95,1.34,AR,1691799899
545,tostado,-29.232,-61.7692,15.7,28,55,5.29,AR,1691799899
546,bandon,51.7469,-8.7425,15.77,96,99,8.52,IE,1691799899
547,nhlangano,-27.1167,31.2,8.28,85,0,1.46,SZ,1691799899
548,uturoa,-16.7333,-151.4333,24.95,68,65,7.03,PF,1691799900
549,urangan,-25.3,152.9,18.86,68,0,4.98,AU,1691799900
550,mancio lima,-7.6142,-72.8958,25.04,94,0,1.03,BR,1691799900
551,aliabad,41.4822,46.6353,25.79,65,0,4.12,AZ,1691799900
552,banyo,6.75,11.8167,18.8,98,100,0.9,CM,1691799900
553,carnarvon,-24.8667,113.6333,19.43,80,1,0.96,AU,1691799900
554,ancud,-41.8697,-73.8203,5.9,73,98,0.84,CL,1691799901
555,metlili chaamba,32.2667,3.6333,33.52,14,40,2.06,DZ,1691799901
556,mana,5.6592,-53.7767,25.99,85,89,3.3,GF,1691799685
557,hinton,53.4001,-117.5857,19.49,45,92,2.28,CA,1691799901
558,pont rouge,48.8833,-72.0825,16.16,91,100,3.02,CA,1691799901
559,bratsk,56.1325,101.6142,17.27,76,56,1.65,RU,1691799706
560,kertih,4.5141,103.4483,26.01,94,40,1.54,MY,1691799902
561,anatuya,-28.4606,-62.8347,16.4,28,70,4.53,AR,1691799903
562,irymple,-34.25,142.1667,12.27,84,100,0.54,AU,1691799903
563,ourinhos,-22.9789,-49.8706,23.39,44,0,1.4,BR,1691799903
564,pacific grove,36.6177,-121.9166,23.14,78,20,4.63,US,1691799904
565,nouadhibou,20.931,-17.0347,24.99,88,20,4.12,MR,1691799904
566,santa rosa,14.3122,121.1114,30.61,81,92,2.49,PH,1691799904
567,kabalo,-6.05,26.9167,24.91,39,10,2.06,CD,1691799914
568,tromso,69.6496,18.957,15.01,63,70,2.06,NO,1691799915
569,dingli,35.8614,14.3822,23.09,78,0,1.54,MT,1691799915
570,guatrache,-37.6678,-63.5302,8.38,25,33,6.15,AR,1691799915
571,yaguate,18.3353,-70.1811,27.09,84,31,2.57,DO,1691799916
572,angaur state,6.906,134.13,28.34,79,97,6.94,PW,1691799916
573,sept-iles,50.2001,-66.3821,13.36,98,100,2.06,CA,1691799912
574,carauari,-4.8828,-66.8958,24.18,90,90,0.85,BR,1691799866
575,niafunke,15.9322,-3.9906,31.86,48,93,6.26,ML,1691799916
576,jamaame,0.0697,42.745,23.74,85,63,5.11,SO,1691799917
577,tseri,35.075,33.3208,24.99,83,20,2.57,CY,1691799917
578,kill devil hills,36.0307,-75.676,28.88,75,0,3.09,US,1691799917
579,al khafji,28.4391,48.4913,32.58,64,36,3.21,SA,1691799917
580,harnai,30.1005,67.9374,29.06,51,0,0.8,PK,1691799918
581,constitucion,-35.3333,-72.4167,9.5,64,54,5.57,CL,1691799918
582,mlimba,-8.8,35.8167,18.91,56,1,1.01,TZ,1691799919
583,dom pedrito,-30.9828,-54.6731,12.34,68,65,2.93,BR,1691799919
584,paranhos,-23.8928,-55.4311,26.93,43,68,1.97,BR,1691799919
585,berezovo,63.9381,65.0419,6.32,79,86,3.03,RU,1691799919
586,basco,20.4487,121.9702,28.02,86,100,8.88,PH,1691799920
587,kidal,18.4411,1.4078,29.38,53,92,5.34,ML,1691799756
588,horsham,51.064,-0.3272,17.36,85,0,2.57,GB,1691799920
589,grass valley,39.2191,-121.0611,30.13,41,0,3.09,US,1691799772
